{
    "nanometer": 0.000001,
    "nm": 0.00001,
    "micrometer": 0.001,
    "µ": 0.001,
    "millimeter": 1,
    "mm": 1,
    "centimeter": 10,
    "cm": 10,
    "meter": 1000,
    "m": 1000,
    "kilometer": 1000000,
    "km": 1000000,
    "nautical-mile": 1852000,
    "nmi": 1852000,
    "inch": 25.4,
    "foot": 304.8,
    "ft": 304.8,
    "yard": 914.4,
    "yd": 914.4,
    "mile": 1609000,
    "mi": 1609000,

    "square-centimeter": 0.0001,
    "centimeter-square": 0.0001,
    "2cm": 0.0001,
    "square-foot": 0.092903,
    "2ft": 0.092903,
    "square-inch": 0.00064516,
    "2inch": 0.00064516,
    "square-meter": 1,
    "2m": 1,
    "square-kilometer": 1000000,
    "2km": 1000000,
    "acre": 100,
    "a": 100,
    "hectare": 10000,
    "ha": 10000,

    "milliliter": 1,
    "ml": 1,
    "centiliter": 10,
    "cl": 10,
    "deciliter": 100,
    "dl": 100,
    "liter": 1000,
    "l": 1000,
    "kiloliter": 1000000,
    "kl": 1000000,
    "decaliter": 10000,
    "dal": 10000,
    "hectoliter": 100000,
    "hl": 100000,
    "cubic-millimeter": 0.000001,
    "3mm": 0.000001,
    "cubic-centimeter": 1,
    "3cm": 1,
    "cubic-meter": 1000000,
    "3m": 1000000,
    "cubic-inch": 16.3871,
    "3in": 16.3871,
    "3inch": 16.3871,
    "fluid-ounce": 29.5735,
    "floz": 29.5735,
    "gill": 118.294,
    "pint": 473.176,
    "quart": 946.353,
    "gallon": 3785.41
}
