{
    "nanometer": 0.000001,
    "nanometre": 0.000001,
    "nm" : 0.00001,
    "micrometer": 0.001,
    "micrometre": 0.001,
    "µ" : 0.001,
    "millimeter": 1,
    "millimetre": 1,
    "mm" : 1,
    "centimeter": 10,
    "centimetre": 10,
    "cm" : 10,
    "meter": 1000,
    "metre": 1000,
    "m" : 1000,
    "kilometer": 1000000,
    "kilometre": 1000000,
    "km" : 1000000,
    "nautical-mile" : 1852000,
    "nmi": 1852000,
    "inch": 25.4,
    "″": 25.4,
    "foot": 304.8,
    "ft": 304.8,
    "yard": 914.4,
    "yd": 914.4,
    "mile": 1609000,
    "mi": 1609000
}