{
    "nanometer": 0.000001,
    "nanometre": 0.000001,
    "nm" : 0.00001,
    "micrometer": 0.001,
    "micrometre": 0.001,
    "µ" : 0.001,
    "millimeter": 1,
    "millimetre": 1,
    "mm" : 1,
    "centimeter": 10,
    "centimetre": 10,
    "cm" : 10,
    "meter": 1000,
    "metre": 1000,
    "m" : 1000,
    "kilometer": 1000000,
    "kilometre": 1000000,
    "km" : 1000000,
    "nautical-mile" : 1852000,
    "nmi": 1852000,
    "inch": 25.4,
    "″": 25.4,
    "foot": 304.8,
    "ft": 304.8,
    "yard": 914.4,
    "yd": 914.4,
    "mile": 1609000,
    "mi": 1609000,

    "square-centimetre": 0.0001,
    "square-centimeter": 0.0001,
    "centimeter-square": 0.0001,
    "centimetre-square": 0.0001,
    "cm2": 0.0001,
    "2cm": 0.0001,
    "square-foot": 0.092903,
    "square-feet": 0.092903,
    "foot-square": 0.092903,
    "feet-square": 0.092903,
    "ft2": 0.092903,
    "2ft": 0.092903,
    "square-inch": 0.00064516,
    "inch-square": 0.00064516,
    "inch2": 0.00064156,
    "2inch": 0.00064516,
    "in2": 0.00064156,
    "2in": 0.00064516,
    "square-meter": 1,
    "square-metre": 1,
    "meter-square": 1,
    "metre-square": 1,
    "m2": 1,
    "2m" : 1,
    "square-kilometer": 1000000,
    "square-kilometre": 1000000,
    "kilometer-square": 1000000,
    "kilometre-square": 1000000,
    "km2": 1000000,
    "2km" : 1000000,
    "acre": 100,
    "a": 100,
    "hectare": 10000,
    "ha": 10000
}
